填写项目,填写要求,正确示例,常见错误,注意事项
问题现象,1. 描述要具体深入,不能浮于表面
2. 要有具体数据支撑
3. 说清楚问题的具体表现:有的怎样、有的怎样,形成对比
4. 用""为什么...却..."" 的句式揭示矛盾点,"例如:党员学习积极性不高,近3个月党员平均参会率仅为65%,低于上级要求的80%标准。具体表现为:有的党员连续3次缺席集体学习,有的虽然到场但玩手机不专心,有的学习笔记应付了事只抄标题。理论学习笔记检查中发现,有40%的党员笔记记录不完整、流于形式,有25%的党员笔记只有寥寥数语,而优秀笔记(深入思考+联系实际)的仅占15%。为什么上级三令五申强调学习,我们的参会率却始终上不去?为什么发了学习资料,党员却不愿意认真学?","❌ 写得太浅:""学习不够认真""
❌ 缺少数据:""党员学习不积极""
❌ 太笼统:""工作不到位""
❌ 没有对比:只写一种情况
❌ 没有揭示矛盾:看不出问题严重性","✓ 用数据说话
✓ 描述具体表现
✓ 有的...有的...形成对比
✓ 用""为什么...却...""揭示矛盾
✓ 抓住核心问题"
问题分析,1. 多维度深入分析根本原因
2. 从制度、认识、方式等层面剖析
3. 找到问题根源,不停留表面,"例如:
1) 制度层面:学习制度不健全,缺乏考勤和考核机制
2) 认识层面:部分党员对理论学习重视不够,存在应付心理
3) 方式层面:学习形式单一,缺乏互动和吸引力
4) 管理层面:支部对学习过程监督不到位","❌ 只写表面原因:""重视不够""
❌ 分析不全面:只从一个角度看
❌ 没有深挖:""认识不到位""","✓ 多角度分析
✓ 找根本原因
✓ 分层次剖析"
整改目标,1. 目标要明确具体
2. 必须可量化、可衡量
3. 设定合理的达成标准,"例如:
1) 党员参会率提升至90%以上
2) 理论学习笔记合格率达到95%
3) 建立完善的学习考核机制
4) 全省排名进入前20名","❌ 目标模糊:""提高学习质量""
❌ 不可量化:""加强学习""
❌ 没有标准:""做得更好""","✓ 目标可量化
✓ 有具体数字
✓ 可衡量达成"
整改措施,1. 措施要具体可操作
2. 要有明确的时间节点
3. 每条措施都能落地执行
4. 避免空话套话,"例如:
1) 建立学习考勤制度,实行请假报备和补学机制(6月底前完成)
2) 创新学习形式,每月开展1次互动式专题研讨(7月起执行)
3) 建立学习积分制,与年度评优挂钩(7月起执行)
4) 每季度开展学习笔记检查和评比(持续开展)","❌ 措施空泛:""加强学习""
❌ 无时间节点:""尽快完成""
❌ 不可操作:""提高认识""
❌ 太笼统:""狠抓落实""","✓ 具体可执行
✓ 有时间节点
✓ 能落地实施"
责任人,1. 明确到具体人员
2. 可以分工负责
3. 总负责人+分项负责人,"例如:
支部书记XXX(总负责)
组织委员XXX(学习组织)
宣传委员XXX(笔记检查)","❌ 只写""支部""
❌ 只写""党支部""
❌ 不具体到人","✓ 具体到人名
✓ 明确分工
✓ 责任清晰"
完成时限,1. 设定明确的时间节点
2. 分阶段完成的要分别标注
3. 持续性工作要注明,"例如:
2026年8月31日前完成制度建设
2026年9月起持续执行并每月检查
2026年12月底前全面达标","❌ 时间模糊:""尽快""
❌ 没有节点:""近期""
❌ 太笼统:""年底前""","✓ 时间明确
✓ 分阶段标注
✓ 可追踪检查"
完成情况,1. 客观描述实际完成的具体内容
2. 要有数据和事实支撑
3. 说清楚做了什么,不是简单写""已完成""
4. 体现工作过程,"例如:
1) 已于6月25日制定《支部学习考勤管理办法》并印发执行
2) 7-8月共开展互动式研讨2次,党员参与度明显提升
3) 8月党员参会率达到92%,较整改前提升27个百分点
4) 笔记检查合格率达到96%","❌ 只写""已完成""
❌ 没有具体内容
❌ 缺少数据支撑
❌ 写成流水账","✓ 有具体内容
✓ 用数据说话
✓ 体现工作过程"
取得成效,1. 总结整改后的实际效果
2. 最好有前后对比数据
3. 体现问题改善程度
4. 可以包括排名提升等,"例如:
通过整改,党员学习积极性显著提高,参会率从65%提升至92%;理论学习质量明显改善,笔记合格率从60%提升至96%;支部学习氛围更加浓厚,在全省党建考核中排名从第78位提升至第15位","❌ 只写排名提升
❌ 没有具体改进内容
❌ 缺少前后对比
❌ 太简单:""效果明显""","✓ 有对比数据
✓ 体现改进幅度
✓ 说清楚成效"
